{"cameraMode":{"drawMode":0,"name":"Shaded","section":"Shading Mode"},"sceneLighting":true,"audioPlay":false,"sceneViewState":{"m_AlwaysRefresh":false,"showFog":true,"showSkybox":false,"showFlares":true,"showImageEffects":true,"showParticleSystems":true,"showVisualEffectGraphs":true,"m_FxEnabled":true},"in2DMode":false,"pivot":{"x":480.69403076171877,"y":235.59585571289063,"z":-147.17721557617188},"rotation":{"x":0.12892472743988038,"y":-0.006581831257790327,"z":0.0009784158319234849,"w":0.9914621710777283},"size":11.184602737426758,"orthographic":false}